config_id,status,config.batch_size,config.epochs,config.learning_rate,config.optimizer,config.scheduler_gamma,config.scheduler_step_size,config.weight_decay,metadata.account_for_cost,metadata.eval_cost,metadata.max,metadata.time_end,metadata.time_sampled,metadata.used,result.cost,result.loss,result.info_dict.cost,result.info_dict.train_accuracies,result.info_dict.train_losses,result.info_dict.train_time,result.info_dict.val_accuracies,result.info_dict.val_losses
13_1,complete,108.0,20.0,3.977298396623897e-05,adamw,0.2721937609912956,1406.0,0.009306367288244384,True,1168.4660785198212,21600.0,1722959702.345703,1722958533.3604867,10987.751962423325,1168.4660785198212,0.5697373862449939,20.0,"[0.3853846163703845, 0.601025643830116, 0.6677849086431357, 0.7289743629785684, 0.7609900373678941, 0.7831908842692008, 0.828518522473482, 0.8379273483386407, 0.8537464474256222, 0.8579273556287472, 0.8792806313588069, 0.8834188076166006, 0.8872649612335058, 0.901417382634603, 0.9046367590244, 0.9149786359988726, 0.9103490102749604, 0.9130057062094028, 0.9161396060998623, 0.9218803460781391]","[1.7833835665996258, 1.3183821256344135, 0.9598918304993556, 0.7595676137850835, 0.655883633173429, 0.5722639337182045, 0.47636764210004073, 0.44388577342033386, 0.40849410140743625, 0.38790272864011616, 0.3352047399832652, 0.3193556812520211, 0.3129103080584453, 0.2771039863045399, 0.26992487706817114, 0.2521888863008756, 0.2521537602520906, 0.2428625185902302, 0.23126949814076608, 0.21779124725323457]",1168.4660785198212,"[0.5527334259106562, 0.6247513844416692, 0.674017635675577, 0.6911116517507113, 0.7224909984148465, 0.7324625116128188, 0.7502956619629493, 0.7317368296476511, 0.7488845999424274, 0.7667446136474609, 0.7774552473655114, 0.7710315539286687, 0.7824813219217154, 0.7795651325812707, 0.7738133714749262, 0.7959468914912298, 0.7944955275608943, 0.8066844069040738, 0.7895366366092975, 0.8116835997654841]","[1.4975818303915172, 1.0905250998643727, 0.9000092561428363, 0.83891944701855, 0.7485587917841398, 0.7047994595307571, 0.6768687092340909, 0.6995631204201624, 0.6589606473079095, 0.6456585824489594, 0.6239200280262873, 0.6343742333925687, 0.6239995199900407, 0.629659524330726, 0.6483753048456632, 0.604525646338096, 0.5957607879088476, 0.5981910389203292, 0.6205906524108007, 0.5697373862449939]"
4_1,complete,108.0,20.0,3.7881317025093384e-05,adamw,0.1994172319712988,1406.0,0.009306367288244384,True,1216.732441663742,21600.0,1722952184.3379006,1722950967.0794706,3428.187290430069,1216.732441663742,0.573356046126439,20.0,"[0.3755769276848206, 0.5949430224987177, 0.6617307789050616, 0.720947300012295, 0.7524287826739825, 0.7782051368401601, 0.8231623952205365, 0.8315170934567084, 0.8496225132392003, 0.857037039903494, 0.8744444503233983, 0.8796937419817998, 0.8833475835048236, 0.8974857571033331, 0.9017877578735352, 0.9117735097041497, 0.9060755062561768, 0.9117592653402915, 0.9157692331534165, 0.9199216572137979]","[1.7924434428031628, 1.3478614963017976, 0.9882944363814133, 0.7822035757394937, 0.6742843206112201, 0.5895440601385556, 0.49249130200881225, 0.4577737977871528, 0.422311653311436, 0.3996415106722942, 0.34607150004460263, 0.32944692871891534, 0.3222196574967641, 0.2849311971893677, 0.27747060272556084, 0.2607734498496239, 0.26041184165156805, 0.24896900871625313, 0.23692411900712892, 0.2235982549878267]",1216.732441663742,"[0.5470354190239539, 0.6161909424341642, 0.6704429433895991, 0.6889749031800491, 0.7196420018489544, 0.7288878193268409, 0.7467478467867925, 0.7317368342326238, 0.7431462773909936, 0.7638821693567129, 0.7767295699853164, 0.7696070579382089, 0.7817421922316918, 0.7781406274208655, 0.7717034908441397, 0.7916599466250493, 0.7973310809869033, 0.8030962714782128, 0.7866876354584327, 0.8109579086303711]","[1.522473197716933, 1.1094443247868464, 0.9173251665555514, 0.8512080770272475, 0.754192068026616, 0.7121501564979553, 0.6819882026085486, 0.7002739401964041, 0.6640900144210229, 0.6513206477348621, 0.626146559531872, 0.6389872019107525, 0.628116270670524, 0.6316183576217065, 0.6517823544832376, 0.6091068432881281, 0.5979612469673157, 0.6013287947728083, 0.6256155921862676, 0.573356046126439]"
1_1,complete,20.0,20.0,0.00015373884340004918,adam,0.740595344428965,354.0,0.00046280917702181106,True,923.342565536499,21600.0,1722949682.877537,1722948758.953334,1221.2684299945831,923.342565536499,0.583039649329345,14.0,"[0.9284697597137125, 0.9576512466970287, 0.9645017799109327, 0.9655693947632542, 0.9747330966369113, 0.9679715306733426, 0.9012455647526263, 0.9020462738237347, 0.9011565964417101, 0.8982206525751705, 0.9013345315787291, 0.8939501916810711, 0.9017793731333098, 0.9080071288071493]","[0.16341994618963834, 0.09806265343259025, 0.08098411189683868, 0.07333621747287991, 0.058955830158964065, 0.06950775091453486, 0.24364175200064622, 0.2306879392172147, 0.23822020564321097, 0.24434697455013987, 0.23689360825802297, 0.24372691444363245, 0.22717100022579428, 0.21365851600359448]",923.342565536499,"[0.7711267723164088, 0.7845070529991472, 0.7950704349598414, 0.7978873345213877, 0.7964788859998676, 0.7950704357993434, 0.8091549411625929, 0.8021126901599723, 0.7992957847219118, 0.8056338152415315, 0.8112676177226322, 0.8133802942826714, 0.800704237440942, 0.7971831098408766]","[0.6438173354196717, 0.6123896770074334, 0.5997787362463037, 0.6074340921682371, 0.6535179050455631, 0.6353616784785835, 0.5935974447450167, 0.6182061856166577, 0.6067119632178629, 0.5875736816038548, 0.5744166853772082, 0.5731483982272552, 0.5943233033668407, 0.583039649329345]"
15_1,complete,20.0,20.0,9.539607920265987e-05,adamw,0.8490964807022545,359.0,0.0019442402844723075,True,941.1639437675476,21600.0,1722962909.6056256,1722961967.917924,14417.947192430496,941.1639437675476,0.5917080479188704,14.0,"[0.9117437813205651, 0.9471530286442766, 0.9613879013316062, 0.9650355880795001, 0.9706405691829016, 0.9686832739789291, 0.8922598001371499, 0.8978647789072736, 0.9006227870004457, 0.8948398705479089, 0.9004448535603561, 0.8974199420192488, 0.9041815077707013, 0.9135231420238671]","[0.20157641100819848, 0.11567226812256719, 0.09301757634686988, 0.07995119001020369, 0.06508577828961706, 0.06942021161287996, 0.2713425334715334, 0.2477344807628476, 0.24970335016537498, 0.2521427024646374, 0.23404225745500196, 0.24058148201250096, 0.22316001888589926, 0.20994893273875595]",941.1639437675476,"[0.7591549376366844, 0.7838028308371423, 0.7978873345213877, 0.7880281797597106, 0.7901408571592519, 0.790140858838256, 0.8021126901599723, 0.8063380441195528, 0.800704237440942, 0.7971831140383868, 0.8183098754412691, 0.7978873387188978, 0.8056338160810336, 0.8140845240001947]","[0.6570406734523638, 0.6256498163434822, 0.623948823713081, 0.6605599158456628, 0.6909958095827573, 0.692324516429028, 0.6245374666972899, 0.6314558904145805, 0.6227763467271563, 0.6114621179204591, 0.6045252310348229, 0.60778794804929, 0.6143314542484956, 0.5917080479188704]"
10_1,complete,65.0,20.0,3.7881317025093384e-05,adam,0.6904001479100609,1406.0,0.009306367288244384,True,818.3042929172516,21600.0,1722958533.3133783,1722957714.469308,10169.447669506073,818.3042929172516,0.6035699288953434,14.0,"[0.8405639159268347, 0.8752235071412449, 0.9032321503792686, 0.9170645495940899, 0.942843111767166, 0.9464878707096495, 0.8952058224842466, 0.8952058224842466, 0.8965419058142037, 0.9088220904613363, 0.914480799231036, 0.9200707386279928, 0.9262501268551268, 0.928205132484436]","[0.43183829078729125, 0.3308443872407935, 0.2595696733600792, 0.2183466286494814, 0.15920591855357433, 0.1419001665694275, 0.3057635635480113, 0.27797769797944477, 0.2692912681691948, 0.24433453363933783, 0.22639559646104945, 0.21174370959914965, 0.20306862813645396, 0.19157424055296798]",818.3042929172516,"[0.7179550338875164, 0.7452277595346625, 0.7349083504893563, 0.7345681515606967, 0.7457569620826028, 0.788074100559408, 0.7828198969364166, 0.7625401778654619, 0.7996220128102736, 0.7740880874070254, 0.8136080259626562, 0.790531104261225, 0.8108108233321797, 0.8039879148656671]","[0.7592500150203705, 0.6742849349975586, 0.7198300009424036, 0.7572811774232171, 0.7623174366625872, 0.6491102481430228, 0.6603551398624073, 0.7365413714538921, 0.6123416288332506, 0.6927064454013651, 0.623612336137078, 0.6837287938052957, 0.6164729364893653, 0.6035699288953434]"
21_0,complete,32.0,6.0,0.0011723374219410273,adam,0.6475565182833628,1107.0,1.0627513031993454e-05,True,393.16252088546753,21600.0,1722966215.7098248,1722965822.0385804,18267.556123256683,393.16252088546753,0.609808047386733,6.0,"[0.6613991477272727, 0.79296875, 0.8279474431818182, 0.8510298295454546, 0.8645241477272727, 0.87890625]","[0.9047581382434476, 0.5394305848431858, 0.44502595041624526, 0.4072590811516751, 0.34673247850415384, 0.2879356419540603]",393.16252088546753,"[0.7417504381049763, 0.7273819934238087, 0.7793378504839811, 0.790592220696536, 0.7479785843328997, 0.8220061199231581]","[0.8020830405029383, 0.7525225566192106, 0.6422875926575877, 0.5837275230071761, 0.7305724207650531, 0.609808047386733]"
8_1,complete,104.0,20.0,1.990647383180407e-05,adamw,0.1994172319712988,1406.0,0.004639196953606724,True,1256.5251593589783,21600.0,1722955386.9059536,1722954129.8530867,6587.782905340195,1256.5251593589783,0.6120298504829407,20.0,"[0.30037691057832155, 0.5051638351546394, 0.583288840673588, 0.6391263273027208, 0.6658208955217291, 0.7000831211054767, 0.7353692087862227, 0.7500593849906215, 0.7688153187433878, 0.7890551068164684, 0.7980175967569705, 0.8196670545472039, 0.8232728242874146, 0.8438687456978692, 0.8456048479786625, 0.8629511263635423, 0.8562886152002547, 0.868248497998273, 0.8726407013557576, 0.8782941963937547]","[1.8731844160291884, 1.6456809551627547, 1.3918853313834578, 1.1482322216033936, 0.9716544338950405, 0.8457721813961312, 0.750605477227105, 0.685826959433379, 0.632063004705641, 0.5727441470932078, 0.5440794704137025, 0.5053494887219535, 0.4783343876953478, 0.4404021380124269, 0.43029265381671766, 0.39879410299989915, 0.40159981118308175, 0.3670462267818274, 0.344855364550043, 0.32685783312276556]",1256.5251593589783,"[0.46549452415534426, 0.6107417855943952, 0.6113187032086509, 0.6395329875605447, 0.6726648552077157, 0.6837088125092643, 0.7063736532415662, 0.7063736574990409, 0.709120899438858, 0.7346428803035191, 0.7332143102373395, 0.7250274930681501, 0.7318406828812191, 0.7477472807679858, 0.7375000289508274, 0.7395604678562709, 0.7588461722646441, 0.772637392793383, 0.7726923312459674, 0.7747527658939362]","[1.7361638460840498, 1.4321543829781669, 1.199741882937295, 1.0445632338523865, 0.9334376539502826, 0.8729332855769566, 0.8039279580116272, 0.7954939646380288, 0.7632199483258384, 0.7160691022872925, 0.7073662451335362, 0.7088622280529567, 0.7001870189394269, 0.6691180680479322, 0.7064455705029624, 0.6799983297075544, 0.640747532248497, 0.6210542576653617, 0.6263096928596497, 0.6120298504829407]"
18_1,complete,83.0,20.0,2.9453160902875036e-05,rmsprop,0.45137240440741894,1462.0,0.018486038036294398,True,1185.7014541625977,21600.0,1722964096.3280883,1722962910.122982,15359.111136198044,1185.7014541625977,0.6154022111612207,20.0,"[0.45829498965074034, 0.6196337035473656, 0.6905582030029858, 0.7174065244548461, 0.7504033384954228, 0.7751141970648485, 0.8135960303685245, 0.820807604228749, 0.8402558573905159, 0.8475089038119596, 0.8642580018324011, 0.8679674574557472, 0.8781609237194061, 0.8835290801875731, 0.8871669041759828, 0.9014769643545151, 0.9052919745445251, 0.9038632310488645, 0.9045191749053842, 0.9171629881157595]","[1.6122297434245838, 1.14612556468038, 0.9172908584861195, 0.7782599224763758, 0.685571526779848, 0.6098414988202208, 0.5291747648049804, 0.4942578427931842, 0.44789859433384505, 0.4187825379126212, 0.3795759855386089, 0.3598960287430707, 0.3445935301920947, 0.3186550718896529, 0.30059653345276327, 0.28211018136318994, 0.2607472438146086, 0.26151781331966906, 0.25637389346957207, 0.23064941617057605]",1185.7014541625977,"[0.6094010191805223, 0.6694504338152268, 0.6704177400645088, 0.6960177561816048, 0.7116095318513758, 0.7250751572496751, 0.7436742011238547, 0.7523511963732102, 0.7399582161622889, 0.7599746900446275, 0.7480126864769879, 0.7252475444008323, 0.7508475605179282, 0.7584710612016565, 0.753059916636523, 0.7703277153127334, 0.7920393593171063, 0.8057635671952191, 0.7837933301925659, 0.8025647682302138]","[1.2676208159502815, 0.9501003658070284, 0.896508045056287, 0.8277733851881588, 0.7749052959329942, 0.7309842249926399, 0.6774590523803935, 0.6579516196952147, 0.685412957387812, 0.6809962759999668, 0.699896868537454, 0.7307108132278218, 0.6772046106703141, 0.6704478035954868, 0.6819620710961959, 0.6524689127417171, 0.6197357475757599, 0.597690389436834, 0.6291513758547166, 0.6154022111612207]"
1_0,complete,20.0,6.0,0.00015373884340004918,adam,0.740595344428965,354.0,0.00046280917702181106,True,390.093368768692,21600.0,1722948372.1822371,1722947981.4705164,445.04228496551514,390.093368768692,0.6261575219916625,6.0,"[0.6161032127103772, 0.7694839981527091, 0.804092539799171, 0.839323856228187, 0.8582740349701715, 0.8701067753533875]","[1.0305249394046878, 0.57857217371888, 0.47077689847487997, 0.4037395457329487, 0.35102796061395325, 0.32508080351925406]",390.093368768692,"[0.6830986062405815, 0.7591549401551905, 0.7633802966332771, 0.7485915598735003, 0.7605633937137227, 0.7718309944784137]","[0.8396171755354169, 0.6729276606314619, 0.6277141216355311, 0.6537300851983083, 0.6514604344544276, 0.6261575219916625]"
21_1,complete,32.0,20.0,0.0011723374219410273,adam,0.6475565182833628,1107.0,1.0627513031993454e-05,True,935.1898059844971,21600.0,1722967549.5053742,1722966613.7962503,19057.572744846344,935.1898059844971,0.6295067896558479,14.0,"[0.9241832386363636, 0.9474431818181818, 0.9637784090909091, 0.9639559659090909, 0.9703480113636364, 0.9753196022727273, 0.9137073863636364, 0.9307528409090909, 0.9353693181818182, 0.9412286931818182, 0.9449573863636364, 0.9476207386363636, 0.9509943181818182, 0.9534801136363636]","[0.18523524316366424, 0.1309080426528288, 0.08950919615612789, 0.08026242916292342, 0.06800581836564974, 0.05516886813513173, 0.2221618592315777, 0.17462469484995713, 0.1632148122033951, 0.14644921593241056, 0.14789911900350655, 0.13636403905481778, 0.1312152286991477, 0.11176771385163936]",935.1898059844971,"[0.8143575177951292, 0.8239182694391771, 0.8388330421664498, 0.831566871567206, 0.7988964170217514, 0.815941871567206, 0.8008631996133111, 0.7990603148937225, 0.823754371567206, 0.8157779723405838, 0.831566871567206, 0.8438046330755408, 0.8359921330755408, 0.8310205421664498]","[0.6145962127907709, 0.6271763376214288, 0.6541203218088909, 0.6842270798303864, 0.9041909859939055, 0.7586038535968824, 0.6254730112850666, 0.6671022948893633, 0.5834252184087579, 0.6296551024371927, 0.5899192436852239, 0.56086063537408, 0.6327603953805837, 0.6295067896558479]"
0_0,complete,64.0,6.0,0.001,adamw,0.1,1000.0,0.01,True,445.04228496551514,21600.0,1722947969.513715,1722947523.0063646,0.0,445.04228496551514,0.6572871167551387,6.0,"[0.6823508522727273, 0.8125355114991014, 0.8437144885008986, 0.8670454546809196, 0.8821022727272727, 0.8882457390427589]","[0.8664969920434735, 0.5076109472323548, 0.41874828850003804, 0.3426706189797683, 0.3091758413409645, 0.2980039378797466]",445.04228496551514,"[0.7567104236646132, 0.7537960410118103, 0.7551430247046731, 0.7929320145737041, 0.7108885185285048, 0.7837725308808413]","[0.6827423396435651, 0.6645118174227801, 0.752258760007945, 0.6229699836535887, 0.7974800426851619, 0.6572871167551387]"
5_1,complete,106.0,20.0,0.0018993676533461807,rmsprop,0.6987938746953822,318.0,1.3229506355747715e-05,True,862.32643699646,21600.0,1722954129.8118026,1722953266.598035,5725.456468343735,862.32643699646,0.6655883086579186,14.0,"[0.9449240587792307, 0.9663396039099064, 0.9703779659181271, 0.9757550268803002, 0.9789775587477774, 0.9737599559550015, 0.9328015727816887, 0.9457769697567202, 0.9472195089987989, 0.9489995038734292, 0.9479129685545867, 0.9486620459916457, 0.9557449345318776, 0.9574210981153092]","[0.15196888921958096, 0.09782152693226652, 0.08328563315829016, 0.06845165507973365, 0.05804097311536096, 0.10908147875430449, 0.19383612514104484, 0.15180013244444468, 0.1451328565489571, 0.14540744228464253, 0.14714438889948828, 0.14531317254844703, 0.1280345308752555, 0.11958123356947359]",862.32643699646,"[0.7542116003377097, 0.8016621938773564, 0.8258086400372642, 0.8146338846002307, 0.7809411585330963, 0.8019429530416217, 0.7905997378485543, 0.82811096736363, 0.8206985677991595, 0.825134779725756, 0.8274371198245457, 0.8325471835477012, 0.8314802476337978, 0.829346375805991]","[0.7845647122178759, 0.636287265590259, 0.6526425012520382, 0.6806697760309491, 0.8565111245427813, 0.8098791816404888, 0.7176380412919181, 0.6591753172022956, 0.6629805948053088, 0.6728369423321315, 0.668288379907608, 0.6244574359485081, 0.6069617420434952, 0.6655883086579186]"
14_1,complete,17.0,20.0,0.00022418297254821827,rmsprop,0.17717275336978663,436.0,2.2246749503922e-05,True,1182.928335905075,21600.0,1722960885.84541,1722959702.3967774,12156.218040943146,1182.928335905075,0.6665490301079061,20.0,"[0.6501960951270479, 0.7666191463217591, 0.8100653707981109, 0.8137849188212193, 0.8166132016615434, 0.8234581211299608, 0.8277837299939358, 0.8192038135998176, 0.8329055358966192, 0.817421282602079, 0.8261556849335179, 0.8213190839146123, 0.820249565261783, 0.8243969209266432, 0.8183125481461033, 0.8236363743290757, 0.8136779673171766, 0.8184432669119401, 0.8220320962595217, 0.8225906227574203]","[0.9051189082138467, 0.5570185654542663, 0.46160348520585986, 0.4576846610641841, 0.4573179709414641, 0.4229825327567982, 0.4312599394583341, 0.44050777477748465, 0.424407466433265, 0.4368611408453999, 0.42233573950149794, 0.4363888934028871, 0.4340959028538429, 0.43920517559304384, 0.4331346598764261, 0.43258648018042245, 0.4538565754890442, 0.4464224290667158, 0.4369017824079051, 0.42695031581502974]",1182.928335905075,"[0.6887845677065562, 0.7454819420734083, 0.7631998719221138, 0.744064507714237, 0.74273566309228, 0.7503543729523579, 0.7539865482284362, 0.7504429626895721, 0.7447732252528868, 0.7562012898634716, 0.7554925726838859, 0.7568214169467788, 0.7518603970487434, 0.763288461300264, 0.7582388516650143, 0.7383061808994017, 0.7661233303776707, 0.7505315524267863, 0.7639971788389137, 0.7525691135102007]","[0.7944506396012134, 0.6397481347961598, 0.6084694622690419, 0.6720635012151247, 0.6772229832159468, 0.6190538675670164, 0.6430305262286979, 0.6440694422786495, 0.6764805822307804, 0.606908969042531, 0.6200936626957123, 0.651746983000313, 0.6574193928615156, 0.6163031885243324, 0.6244299715182867, 0.6604790906590151, 0.6154758568449192, 0.662471207868622, 0.6182240057422455, 0.6665490301079061]"
5_0,complete,106.0,6.0,0.0018993676533461807,rmsprop,0.6987938746953822,318.0,1.3229506355747715e-05,True,368.08708095550537,21600.0,1722952552.9861314,1722952184.3786733,4644.919732093811,368.08708095550537,0.6691014702830996,6.0,"[0.6495416619867649, 0.8181811548628897, 0.8587649959438252, 0.8759456333124412, 0.8917875728517208, 0.8973055493156865]","[0.984344723089686, 0.5107052168756161, 0.385639765914881, 0.35099336223782235, 0.29338767028079843, 0.27495521784953353]",368.08708095550537,"[0.6999101681368691, 0.7573562647615161, 0.7755503228732518, 0.7380390891007015, 0.7476415208407811, 0.7703841030597687]","[0.8444187768868038, 0.6074570012944085, 0.6500373653003148, 0.6916881884847369, 0.7037221895796912, 0.6691014702830996]"
15_0,complete,20.0,6.0,9.539607920265987e-05,adamw,0.8490964807022545,359.0,0.0019442402844723075,True,354.4356744289398,21600.0,1722961241.366162,1722960886.4472973,13339.14637684822,354.4356744289398,0.6703266566488105,6.0,"[0.5804270572191456, 0.7509786591623178, 0.7934163825791926, 0.8240213663552579, 0.8423487679814105, 0.8550711876556967]","[1.1622561028631557, 0.6297044128815898, 0.5106952290093771, 0.4417714657414426, 0.384284071014445, 0.3610509026039962]",354.4356744289398,"[0.6816901539413023, 0.7408450808323604, 0.7697183237948888, 0.7521126874735657, 0.7577464899546663, 0.763380294114771]","[0.8490267639428797, 0.7046276167244978, 0.6472453451912168, 0.6729827262985875, 0.6637794589492637, 0.6703266566488105]"
10_0,complete,65.0,6.0,3.7881317025093384e-05,adam,0.6904001479100609,1406.0,0.009306367288244384,True,379.40118193626404,21600.0,1722957020.1400435,1722956640.1886454,9096.97240114212,379.40118193626404,0.6746817569841038,6.0,"[0.37310149178080176, 0.5960998353601872, 0.6854013345022311, 0.7450732054381535, 0.785028011634432, 0.8114451430309778]","[1.7796269244161145, 1.2549928508955857, 0.8967430509369949, 0.7045219588553768, 0.5841423547130892, 0.5083526253015146]",379.40118193626404,"[0.5869779072024606, 0.661292780529369, 0.6826309019869025, 0.6980155164545233, 0.7076356248422102, 0.7443583607673645]","[1.4566220803694292, 1.001566082239151, 0.8409837782382965, 0.8105093403296038, 0.7640515918081457, 0.6746817569841038]"
12_0,complete,69.0,6.0,6.175316059869342e-05,adamw,0.22993126349897813,242.0,5.520564853723317e-05,True,345.99394512176514,21600.0,1722957714.4237032,1722957367.9151208,9823.453724384308,345.99394512176514,0.687805312020438,6.0,"[0.4747353617737933, 0.6908987884114428, 0.7611300334697817, 0.7871109523424288, 0.7980223799624094, 0.8138174349214973]","[1.5768622072731577, 0.8886910313513221, 0.6447638891092161, 0.5696641875476371, 0.5453269430776921, 0.5029460773235415]",345.99394512176514,"[0.5796474104835874, 0.6985381898425874, 0.7138151838665917, 0.719932252452487, 0.7364953983397711, 0.7309743478184655]","[1.203692947115217, 0.8165842379842486, 0.7414541386422657, 0.7191040884880793, 0.6869370696090517, 0.687805312020438]"
7_0,complete,108.0,6.0,3.7881317025093384e-05,adamw,0.24599172011092027,1065.0,0.009306367288244384,True,365.46238350868225,21600.0,1722953266.557782,1722952900.5712028,5359.9940848350525,365.46238350868225,0.7121501564979553,6.0,"[0.3755769276848206, 0.5949430224987177, 0.6617307789050616, 0.720947300012295, 0.7524287826739825, 0.7782051368401601]","[1.7924434428031628, 1.3478614963017976, 0.9882944363814133, 0.7822035757394937, 0.6742843206112201, 0.5895440601385556]",365.46238350868225,"[0.5470354190239539, 0.6161909424341642, 0.6704429433895991, 0.6889749031800491, 0.7196420018489544, 0.7288878193268409]","[1.522473197716933, 1.1094443247868464, 0.9173251665555514, 0.8512080770272475, 0.754192068026616, 0.7121501564979553]"
2_0,complete,37.0,6.0,0.00023593519116075874,adam,0.15273407281532955,111.0,4.394555357614493e-05,True,386.132776260376,21600.0,1722948758.9036038,1722948372.204122,835.1356537342072,386.132776260376,0.7133104024749053,6.0,"[0.6392162976492393, 0.7593731115523138, 0.7753336206078529, 0.7684413880894059, 0.7664770193790135, 0.7760787272923871]","[0.9827516567158071, 0.6111882570150652, 0.5999618056965502, 0.5939565173497325, 0.5976025362155939, 0.5748716261433927]",386.132776260376,"[0.7141902823197214, 0.73100136142028, 0.7425535760427776, 0.7333074870862459, 0.7217552677581185, 0.7376611248443001]","[0.8010293770777551, 0.7179976874276212, 0.7129583468562678, 0.7274145523184224, 0.7469876455633264, 0.7133104024749053]"
11_0,complete,78.0,6.0,0.05080638969854314,sgd,0.8710847868023137,487.0,1.3771679223321166e-05,True,347.08014130592346,21600.0,1722957367.8721898,1722957020.183061,9476.373583078384,347.08014130592346,0.7292774120966593,6.0,"[0.494683568779793, 0.6648555203444428, 0.7232397231790755, 0.7704110741615295, 0.8002085917525821, 0.8252543864978684]","[1.4365228960911434, 0.913801420893934, 0.7295614778995514, 0.6095325793657038, 0.5263814069330692, 0.46033544424507356]",347.08014130592346,"[0.6319163408544328, 0.6932261221938663, 0.7253711124261221, 0.7303193906943003, 0.693938371207979, 0.7245838940143585]","[1.0348927742905087, 0.8314079741636912, 0.7277304066552056, 0.6994418419069715, 0.7808538377285004, 0.7292774120966593]"
22_0,complete,59.0,6.0,0.007154882680808688,adam,0.6514691930136004,1344.0,1.0902554226565024e-05,True,396.8541007041931,21600.0,1722966613.6280189,1722966216.2601938,18660.71864414215,396.8541007041931,0.7326934263110161,6.0,"[0.6620762774255127, 0.7936676057676474, 0.7984934061144789, 0.8313912382970253, 0.8576388889923692, 0.8572857811426123]","[0.9304765478397409, 0.5646893995193144, 0.555273151025176, 0.4887547227554023, 0.41491168923676014, 0.4276689295656979]",396.8541007041931,"[0.7062303870916367, 0.6944444427887598, 0.7536723166704178, 0.7294883901874224, 0.7094475850462914, 0.754645325243473]","[0.7759074245889982, 0.9236752217014631, 0.8496875998874506, 0.7845451732476553, 0.7863524556159973, 0.7326934263110161]"
20_0,complete,100.0,6.0,0.004499843933182902,rmsprop,0.06084811299329575,236.0,0.002923734252966679,True,386.0527000427246,21600.0,1722965821.4949439,1722965434.9291794,17881.50342321396,386.0527000427246,0.7537067035833994,6.0,"[0.5126315689923471, 0.652807002527672, 0.6921052441262362, 0.7326315620489288, 0.7570175246188515, 0.7881578761234618]","[3.651745457398264, 1.6549850346749289, 0.980301042397817, 0.757639675809626, 0.7561484167450353, 0.6168220471917537]",386.0527000427246,"[0.44066665768623353, 0.5033333202203115, 0.16599999368190765, 0.015333332866430283, 0.7333333174387614, 0.7413333217302959]","[1.6945323785146078, 3.4261296232541403, 3.3643887519836424, 91.75951538085937, 0.7205584466457366, 0.7537067035833994]"
3_1,complete,33.0,20.0,1.7477663500349686e-05,adamw,0.08075299020467011,932.0,0.0006877818370622604,True,1283.5762948989868,21600.0,1722950967.043014,1722949682.9204936,2144.610995531082,1283.5762948989868,0.8022084873776103,20.0,"[0.35112990386345805, 0.5588982967769398, 0.6318153242854511, 0.6735380593468161, 0.7078719093519099, 0.7291185326435987, 0.7453510666594786, 0.742890023133334, 0.7424990159623763, 0.7419757573043599, 0.7468000906355241, 0.7397792160511016, 0.7481916150626015, 0.7416537558331209, 0.7529066948329701, 0.7463860823827632, 0.7487608748323777, 0.7396124622401069, 0.7514001702561098, 0.7480363614418928]","[1.8162814736366273, 1.4066267623620874, 1.0828051640706904, 0.8936035405187046, 0.7863854127771714, 0.688284225323621, 0.68229700134081, 0.6644714329172583, 0.6636828701285755, 0.6567640148541507, 0.6620215028524399, 0.6683756805518094, 0.6538999489125084, 0.6621971903478399, 0.6572682552477893, 0.665452831457643, 0.6574856454835218, 0.6600899030180538, 0.6418455400887657, 0.6377662655185251]",1283.5762948989868,"[0.5684461053027663, 0.6375969149345575, 0.6523520274217739, 0.6664464626201364, 0.6742424479750699, 0.7074084046275116, 0.7095225675161495, 0.6946793725324232, 0.6925211645836054, 0.7102272981821105, 0.7137508988380432, 0.7038848005061926, 0.6904510439828385, 0.7130021369734476, 0.7236170006352801, 0.6967935388864472, 0.7300035482229188, 0.7024313128271769, 0.7144556225732316, 0.6960447749426198]","[1.561639943788218, 1.1135676919027817, 0.9660878527996152, 0.8955347038978754, 0.8464123592820278, 0.7661033321258633, 0.7732994805934817, 0.7897849304731502, 0.7982140668602877, 0.7588693222334219, 0.7667425843172295, 0.7845838575862175, 0.8213557517805765, 0.7685050347516703, 0.7493451473324798, 0.7838002145290375, 0.7319481504517932, 0.7698679413906363, 0.7644265446552011, 0.8022084873776103]"
9_1,complete,109.0,20.0,7.802310546991008e-06,adam,0.1994172319712988,1038.0,0.009306367288244384,True,1252.6643364429474,21600.0,1722956640.1434808,1722955386.9487493,7844.308064699173,1252.6643364429474,0.8444331150788528,20.0,"[0.18911755844377554, 0.2947805675749595, 0.35555137865818465, 0.4156776832846495, 0.4638212162714738, 0.49544162532457936, 0.5443736928013655, 0.5605475524297128, 0.590461284495317, 0.592952891611136, 0.620925899881583, 0.6287463926351987, 0.6455647612993534, 0.6725620065744107, 0.6810306047017758, 0.688674658536911, 0.6951269209384918, 0.7075705757507911, 0.7222141887132938, 0.7289797010330054]","[1.9270219527758086, 1.8818529408711653, 1.8349204246814435, 1.7648906638989081, 1.6815592233951275, 1.5944067446085124, 1.5026511870897734, 1.4274114484970386, 1.338984001141328, 1.2573220065006843, 1.1878038942813873, 1.1142429892833416, 1.0566596858776534, 0.9940142746155078, 0.9491236221331817, 0.9049989810356727, 0.8668161676480219, 0.8313509661417741, 0.7845489405668699, 0.758144355737246]",1252.6643364429474,"[0.28041711105750156, 0.3690520685452681, 0.43855011004668015, 0.4746542504200569, 0.5222450540615962, 0.6073814630508423, 0.6245438915032607, 0.6268862531735346, 0.6254748289401715, 0.6312331786522498, 0.6506253572610708, 0.6502574865634625, 0.6408579395367549, 0.6755206309832059, 0.6716541968859159, 0.6767068184339083, 0.6895223351625296, 0.6958737877699045, 0.691526866876162, 0.6887040092394903]","[1.8793079853057861, 1.8249851098427405, 1.7636053011967585, 1.693163046470055, 1.612166322194613, 1.4920824491060698, 1.3740268762295063, 1.280885173724248, 1.212427414380587, 1.1501964238973765, 1.0853884357672472, 1.0545921875880315, 1.041661643064939, 0.9697015652289758, 0.9334946137208205, 0.9096063100374662, 0.8808203706374536, 0.8456457945016714, 0.850058363034175, 0.8444331150788528]"
23_1,complete,35.0,20.0,0.003590100322050116,adam,0.6124902950646364,1490.0,0.03569623588567696,True,1187.6291375160217,21600.0,1722968738.2185602,1722967550.0641315,19992.76255083084,1187.6291375160217,0.891177311176207,20.0,"[0.5295696707430834, 0.6045918562767668, 0.6133540572587007, 0.6244010853101007, 0.6362910585373825, 0.6464729564530509, 0.6593167898447617, 0.6627329386169125, 0.6640860877051857, 0.6613797880477786, 0.6784605333893936, 0.6759316958255649, 0.6798136832180971, 0.6972937178537713, 0.6815439403427314, 0.6792812961969317, 0.6807231775351933, 0.6797249522638618, 0.6939662998507482, 0.7242679842140364]","[1.403534715960485, 1.1590210217866839, 1.0780790351932834, 1.0544922470306017, 1.0426841803959437, 0.9897508058488739, 0.971303395603014, 0.9574365075330556, 0.9635389665639178, 0.9316716927178899, 0.9159535025217518, 0.9135579811119885, 0.9209732653931801, 0.8864762357303074, 0.895359580561241, 0.8990898961606233, 0.8807838322212977, 0.8685560955764344, 0.8442243119204267, 0.7802434880170763]",1187.6291375160217,"[0.7229965314632509, 0.5369338160607873, 0.6233449680049244, 0.5418118652774067, 0.6912892170068694, 0.7013937452944313, 0.602787476487276, 0.729616740854775, 0.5010453099157752, 0.6202090796900959, 0.7372822448974703, 0.5048780630274516, 0.7439024535621085, 0.6463414830405537, 0.6630662214465257, 0.6898954888669456, 0.6108014125649522, 0.6006968857311621, 0.7268292838480415, 0.6710801575242019]","[1.0164929294004672, 1.263187331397359, 1.345690948207204, 1.3173707491014062, 0.8497651800876711, 0.7921295791137509, 1.034016721132325, 0.8282394074812168, 1.3573299471924944, 1.0097867584810025, 0.7339485578420686, 1.3032743669137723, 0.6994716030795399, 1.0073563427459904, 0.8448941518620747, 0.8617352130936413, 1.0009384867621631, 1.196658211510356, 0.7763548013640613, 0.891177311176207]"
16_0,complete,61.0,6.0,6.860957710951865e-06,adamw,0.8008133136768082,705.0,0.03784725521759797,True,351.89365577697754,21600.0,1722961594.2749221,1722961241.8903666,13693.58205127716,351.89365577697754,1.1733044852381167,6.0,"[0.22792635930945043, 0.3779088457965333, 0.4527484735716944, 0.5152023603086886, 0.5601061346090358, 0.578218950525574]","[1.9117534251316735, 1.8278055683426235, 1.721423943405566, 1.5914990824201833, 1.4645933482957922, 1.3413294579671777]",351.89365577697754,"[0.34520074206849805, 0.4635780272276505, 0.5363744082658187, 0.615490585565567, 0.623330919638924, 0.6489902216455211]","[1.847564671350562, 1.7395502536193184, 1.6106231005295464, 1.4611601000246794, 1.3161063764406287, 1.1733044852381167]"
6_0,complete,64.0,6.0,5.140732724540936e-06,adamw,0.1994172319712988,1406.0,0.009306367288244384,True,346.9872717857361,21600.0,1722952900.534612,1722952553.0226023,5013.006813049316,346.9872717857361,1.385505817153237,6.0,"[0.20131392048841174, 0.320063920522278, 0.395987216044556, 0.44520596584135835, 0.49360795454545453, 0.5357599431140856]","[1.92405051399361, 1.8662238703532652, 1.8026826964183287, 1.7146059410138563, 1.617575084621256, 1.5247954468835483]",346.9872717857361,"[0.2984668883410367, 0.41261755471879785, 0.4949549368836663, 0.53046630052003, 0.59375, 0.6322492171417583]","[1.868192580613223, 1.7970704327930103, 1.711392646486109, 1.621755767952312, 1.5197702158581128, 1.385505817153237]"
24_1,complete,48.0,20.0,1.4076253589914935e-06,adam,0.13096955011456984,992.0,0.0004004593623878903,True,1314.495358467102,21600.0,1722970053.803677,1722968738.7828112,21180.391688346863,1314.495358467102,1.7282331585884094,20.0,"[0.1677350476065762, 0.2046652480832532, 0.22898861122691733, 0.2701567011511224, 0.3064814905325572, 0.341061263002901, 0.3800213783979416, 0.3847578453202533, 0.41121795913602555, 0.4083689559473951, 0.41488604871635765, 0.39366097952056134, 0.4087606956306686, 0.42051283047240007, 0.41723647841021544, 0.4177706656802414, 0.41972935785595167, 0.4261039997267927, 0.4141025752083868, 0.41445870073432595]","[1.9390760201674242, 1.9198715320000281, 1.9062391998421433, 1.8913282512599587, 1.872433026631673, 1.8517754495653331, 1.8246930348567474, 1.8102671987990029, 1.7858112153843937, 1.775724139987913, 1.7742574072291708, 1.772989373940688, 1.770858027996161, 1.7666735537031777, 1.7643640958345854, 1.759792935135018, 1.7551251120037503, 1.7569546098383064, 1.7550033636582203, 1.7556932257790852]",1314.495358467102,"[0.2129166712363561, 0.25944445182879766, 0.2851388985912005, 0.3362500101327896, 0.36625000884135567, 0.39805556734402975, 0.4202777902285258, 0.4561111281315486, 0.46111112236976626, 0.4562500129143397, 0.46097223957379657, 0.44583334724108376, 0.46236112316449485, 0.4729166805744171, 0.47277779281139376, 0.4722222367922465, 0.481944461663564, 0.4818055679400762, 0.472777791817983, 0.46111112634340923]","[1.9065082907676696, 1.8844805757204692, 1.870657749970754, 1.8507367928822835, 1.8309162338574727, 1.809650480747223, 1.791761835416158, 1.7627674420674642, 1.7527782400449117, 1.7452149788538616, 1.7412800629933676, 1.7411360343297322, 1.7401762445767721, 1.7296130935351053, 1.7291868726412456, 1.7282851497332254, 1.7173638741175334, 1.7227556308110554, 1.718786346912384, 1.7282331585884094]"
19_1,complete,83.0,20.0,0.0001226453992800473,sgd,0.2992668531321584,1422.0,0.027951365299347948,True,1336.6908328533173,21600.0,1722965434.382051,1722964097.1837156,16544.81259036064,1336.6908328533173,1.868130319258746,20.0,"[0.15110378449454026, 0.16452794379609473, 0.16266190589350812, 0.17959949428982594, 0.18065125955378308, 0.19376252766917734, 0.20072529958013227, 0.21065864810610518, 0.21019873559913216, 0.21845453594099074, 0.23029538945240133, 0.22911545283654156, 0.24631315425914876, 0.24768912375849836, 0.2658971208421623, 0.26907503845937114, 0.2724527547902921, 0.27610943510251884, 0.27728937369059115, 0.2883046477594796]","[1.944733449641396, 1.9384427175802343, 1.9384741695488201, 1.9339018586803884, 1.9314638919690077, 1.9257216137998245, 1.9224599845269148, 1.9201848419273602, 1.9159072953111984, 1.910950069918352, 1.9100638978621538, 1.9076692619744469, 1.9008139547179728, 1.90002000857802, 1.893616993637646, 1.891421963186825, 1.8884811489021076, 1.8888863815980799, 1.8826548983069027, 1.882972340373432]",1336.6908328533173,"[0.17963107806794784, 0.19026183643761804, 0.2016013141940622, 0.20797976413193872, 0.2143582202055875, 0.22799623976735509, 0.23561973869800568, 0.24075314840849707, 0.2513839050250895, 0.2443829283994787, 0.25784855555085573, 0.2772425097577712, 0.27928246382404776, 0.2958415466196397, 0.29416552536627827, 0.3033788467154783, 0.30930717114140005, 0.3171030616059023, 0.3341122716665268, 0.3073534088976243]","[1.9203115351059858, 1.9159142339930815, 1.9119402731166166, 1.909655304516063, 1.9083249779308544, 1.9012056589126587, 1.900990044369417, 1.897918231347028, 1.8943720565122717, 1.8929150174645817, 1.8911935581880457, 1.8862229375278248, 1.8857222514994003, 1.8791058484245748, 1.8787378773969763, 1.8761724443996655, 1.8697969492743998, 1.867615068660063, 1.861993993029875, 1.868130319258746]"
17_0,complete,108.0,6.0,1.5698561330534786e-05,sgd,0.39947211829754137,1427.0,0.001508093998738745,True,372.47148537635803,21600.0,1722961967.766859,1722961594.7926853,14045.475707054138,372.47148537635803,1.9198596477508545,6.0,"[0.15306268001978213, 0.16235755212031877, 0.16278490108939317, 0.14999287862044114, 0.14934472968945137, 0.15967236688503852]","[1.9460774797659655, 1.9422106880408068, 1.9436776317082918, 1.945648560157189, 1.9456059565910926, 1.9437184585974767]",372.47148537635803,"[0.16692200532326332, 0.1747433222257174, 0.17262000877123612, 0.18185238998669845, 0.18329033026328453, 0.18613933485287887]","[1.9254555977307832, 1.9221231203812819, 1.922489569737361, 1.919844856629005, 1.9194773068794837, 1.9198596477508545]"
